{
    "setting": {
        "compileHotReLoad": true
    },
    "description": "项目私有配置文件。此文件中的内容将覆盖 project.config.json 中的相同字段。项目的改动优先同步到此文件中。详见文档：https://developers.weixin.qq.com/miniprogram/dev/devtools/projectconfig.html",
    "projectname": "miniprogram-5",
    "condition": {
        "plugin": {
            "list": []
        },
        "game": {
            "list": []
        },
        "gamePlugin": {
            "list": []
        },
        "miniprogram": {
            "list": [
                {
                    "name": "db guide",
                    "pathName": "pages/databaseGuide/databaseGuide",
                    "query": ""
                },
                {
                    "name": "pages/getOpenId/index",
                    "pathName": "pages/getOpenId/index",
                    "query": "",
                    "scene": null
                },
                {
                    "name": "pages/deployService/index",
                    "pathName": "pages/deployService/index",
                    "query": "",
                    "scene": null
                },
                {
                    "name": "pages/selectRecord/index",
                    "pathName": "pages/selectRecord/index",
                    "query": "",
                    "scene": null
                },
                {
                    "name": "pages/sumRecordResult/index",
                    "pathName": "pages/personal_detail/personal_detail",
                    "query": "volunteer=%257B%2522_id%2522%253A%25220a4ec1f962abd63f0af897ba4bb28589%2522%252C%2522_openid%2522%253A%2522o083f5S0qYaGr1A6CfxRKQu2rEOA%2522%252C%2522actlist%2522%253A%255B%2522act1_id%2522%252C%2522act2_id%2522%252C%2522act3_id%2522%252C%2522act4_id%2522%252C%2522act5_id%2522%252C%2522whyalwaysme%2522%255D%252C%2522address%2522%253A%2522%25E6%25B9%2596%25E5%258D%2597%25E5%25B7%25A5%25E5%2595%2586%25E5%25A4%25A7%25E5%25AD%25A6(%25E5%25B2%25B3%25E9%25BA%2593%25E5%258C%25BA%25E5%25B2%25B3%25E9%25BA%2593%25E5%25A4%25A7%25E9%2581%2593569%25E5%258F%25B7)(%25E6%25B9%2596%25E5%258D%2597%25E7%259C%2581%25E9%2595%25BF%25E6%25B2%2599%25E5%25B8%2582%25E5%25B2%25B3%25E9%25BA%2593%25E5%258C%25BA%25E6%25A1%2590%25E6%25A2%2593%25E5%259D%25A1%25E8%25B7%25AF)%2522%252C%2522age%2522%253A%252223%2522%252C%2522biography%2522%253A%2522%25E6%2588%2591%25E5%258F%25AA%25E6%2598%25AF%25E4%25B8%25AA%25E6%2599%25AE%25E9%2580%259A%25E7%259A%2584%25E5%25BF%2597%25E6%2584%25BF%25E8%2580%2585%2522%252C%2522credScore%2522%253A100%252C%2522email%2522%253A%2522835797158%2540qq.com%2522%252C%2522manager%2522%253Atrue%252C%2522name%2522%253A%2522%25E6%2597%25B7%25E6%259F%25B1%25E6%25B7%2587%2522%252C%2522phone%2522%253A17674709543%252C%2522school%2522%253A%2522%25E6%25B9%2596%25E5%258D%2597%25E5%25B7%25A5%25E5%2595%2586%25E5%25A4%25A7%25E5%25AD%25A6%2522%252C%2522score%2522%253A99%252C%2522sex%2522%253A%2522%25E7%2594%25B7%2522%257D",
                    "scene": null,
                    "launchMode": "default"
                },
                {
                    "name": "pages/updateRecord/index",
                    "pathName": "pages/updateRecord/index",
                    "query": "",
                    "scene": null
                },
                {
                    "name": "pages/updateRecordResult/index",
                    "pathName": "pages/updateRecordResult/index",
                    "query": "",
                    "scene": null
                },
                {
                    "name": "pages/updateRecordSuccess/index",
                    "pathName": "pages/updateRecordSuccess/index",
                    "query": "",
                    "scene": null
                },
                {
                    "name": "",
                    "pathName": "pages/center/center",
                    "query": "",
                    "launchMode": "default",
                    "scene": null
                },
                {
                    "name": "",
                    "pathName": "pages/exam/exam",
                    "query": "",
                    "launchMode": "default",
                    "scene": null
                },
                {
                    "name": "",
                    "pathName": "pages/review/review",
                    "query": "",
                    "launchMode": "default",
                    "scene": null
                },
                {
                    "name": "",
                    "pathName": "pages/list/list",
                    "query": "",
                    "launchMode": "default",
                    "scene": null
                },
                {
                    "name": "",
                    "pathName": "pages/middle/middle",
                    "query": "",
                    "launchMode": "default",
                    "scene": null
                },
                {
                    "name": "",
                    "pathName": "pages/register/register",
                    "query": "",
                    "launchMode": "default",
                    "scene": null
                }
            ]
        }
    }
}